set,roi_id,orig_annotator,orig_cls,stratum_n,weight
A,20260531_222024.337.0,collaborator,ring,199,6.6333
A,20260531_222029.439.0,collaborator,artifact,9,1.0
A,20260531_222031.740.0,collaborator,ring,199,6.6333
A,20260531_222131.392.0,collaborator,artifact,9,1.0
A,20260531_222134.589.0,collaborator,ring,199,6.6333
A,20260531_222135.589.0,collaborator,artifact,9,1.0
A,20260531_222136.019.1,collaborator,organism,468,9.36
A,20260531_222136.110.0,collaborator,artifact,9,1.0
A,20260531_222403.969.0,collaborator,blurry,122,4.0667
A,20260531_222951.090.0,collaborator,marine_snow,628,13.9556
A,20260531_223016.249.0,collaborator,blurry,122,4.0667
A,20260531_223108.227.0,collaborator,marine_snow,628,13.9556
A,20260531_223142.543.0,collaborator,organism_box,163,4.6571
A,20260531_223401.994.0,collaborator,organism_box,163,4.6571
A,20260531_223445.218.0,collaborator,blurry,122,4.0667
A,20260531_223450.788.0,collaborator,blurry,122,4.0667
A,20260531_223603.618.0,collaborator,organism_box,163,4.6571
A,20260531_223641.796.0,collaborator,marine_snow,628,13.9556
A,20260531_223648.427.0,collaborator,marine_snow,628,13.9556
A,20260531_223923.266.0,collaborator,organism,468,9.36
A,20260531_224116.633.0,collaborator,marine_snow,628,13.9556
A,20260531_224611.986.0,collaborator,marine_snow,628,13.9556
A,20260531_224820.260.0,collaborator,blurry,122,4.0667
A,20260531_224845.471.0,collaborator,marine_snow,628,13.9556
A,20260531_225031.737.0,collaborator,organism,468,9.36
A,20260531_225056.225.0,collaborator,marine_snow,628,13.9556
A,20260531_225122.362.0,collaborator,organism_box,163,4.6571
A,20260531_225154.984.0,collaborator,blurry,122,4.0667
A,20260605_003901.687.0,collaborator,marine_snow,628,13.9556
A,20260605_010651.805.0,collaborator,organism_box,163,4.6571
A,20260605_020254.219.0,collaborator,blurry,122,4.0667
A,20260605_053947.921.0,collaborator,blurry,122,4.0667
A,20260605_054058.068.0,collaborator,blurry,122,4.0667
A,20260605_055118.648.0,collaborator,organism_box,163,4.6571
A,20260605_055449.945.0,collaborator,marine_snow,628,13.9556
A,20260605_055634.029.0,collaborator,marine_snow,628,13.9556
A,20260605_055718.380.0,collaborator,marine_snow,628,13.9556
A,20260605_060602.356.0,collaborator,organism,468,9.36
A,20260605_060611.640.0,collaborator,ring,199,6.6333
A,20260605_091720.027.0,collaborator,organism,468,9.36
A,20260605_091841.651.0,collaborator,organism,468,9.36
A,20260605_092655.248.0,collaborator,organism,468,9.36
A,20260605_092709.754.0,collaborator,organism,468,9.36
A,20260605_093305.026.0,collaborator,marine_snow,628,13.9556
A,20260605_105927.734.0,collaborator,blurry,122,4.0667
A,20260605_105930.433.0,collaborator,ring,199,6.6333
A,20260605_110136.592.0,collaborator,marine_snow,628,13.9556
A,20260605_110351.711.0,collaborator,marine_snow,628,13.9556
A,20260605_111015.221.0,collaborator,blurry,122,4.0667
A,20260605_111637.900.0,collaborator,marine_snow,628,13.9556
A,20260605_111756.048.0,collaborator,organism,468,9.36
A,20260605_111834.995.0,collaborator,ring,199,6.6333
A,20260605_111836.357.0,collaborator,ring,199,6.6333
A,20260605_111857.856.1,collaborator,ring,199,6.6333
A,20260605_111908.666.5,collaborator,ring,199,6.6333
A,20260605_111913.588.0,collaborator,ring,199,6.6333
A,20260605_111924.669.0,collaborator,ring,199,6.6333
A,20260605_144909.501.0,collaborator,organism_box,163,4.6571
A,20260605_201600.226.0,collaborator,blurry,122,4.0667
A,20260605_202718.100.0,collaborator,organism_box,163,4.6571
A,20260607_020840.333.0,collaborator,organism,468,9.36
A,20260607_021601.829.0,collaborator,organism,468,9.36
A,20260607_021806.100.0,collaborator,blurry,122,4.0667
A,20260607_022020.485.0,collaborator,organism_box,163,4.6571
A,20260607_022137.077.0,collaborator,organism_box,163,4.6571
A,20260607_231636.148.0,collaborator,organism,468,9.36
A,20260607_231920.606.0,collaborator,organism_box,163,4.6571
A,20260607_231928.058.0,collaborator,organism_box,163,4.6571
A,20260607_231945.953.0,collaborator,organism_box,163,4.6571
A,20260607_232020.432.0,collaborator,organism_box,163,4.6571
A,20260607_232040.682.0,collaborator,organism_box,163,4.6571
A,20260607_232101.016.0,collaborator,blurry,122,4.0667
A,20260607_233047.108.0,collaborator,ring,199,6.6333
A,20260607_233137.699.0,collaborator,organism,468,9.36
A,20260607_233149.423.0,collaborator,organism,468,9.36
A,20260607_233318.931.0,collaborator,organism_box,163,4.6571
A,20260607_233627.936.0,collaborator,organism_box,163,4.6571
A,20260607_233854.826.0,collaborator,organism_box,163,4.6571
A,20260607_233950.160.0,collaborator,organism_box,163,4.6571
A,20260607_234006.347.0,collaborator,organism,468,9.36
A,20260613_003537.697.0,collaborator,organism,468,9.36
A,20260613_005112.172.0,collaborator,marine_snow,628,13.9556
A,20260613_005242.368.0,collaborator,organism_box,163,4.6571
A,20260613_045931.444.0,collaborator,blurry,122,4.0667
A,20260613_051643.463.0,collaborator,marine_snow,628,13.9556
A,20260613_052750.563.0,collaborator,organism,468,9.36
A,20260613_081230.527.0,collaborator,organism,468,9.36
A,20260613_081610.094.0,collaborator,organism,468,9.36
A,20260613_082219.578.0,collaborator,marine_snow,628,13.9556
A,20260613_083153.508.0,collaborator,organism,468,9.36
A,20260613_083742.957.0,collaborator,marine_snow,628,13.9556
A,20260613_084523.567.0,collaborator,organism,468,9.36
A,20260613_120210.738.0,collaborator,organism,468,9.36
A,20260613_120342.017.0,collaborator,blurry,122,4.0667
A,20260613_120410.979.0,collaborator,organism,468,9.36
A,20260613_121158.334.0,collaborator,marine_snow,628,13.9556
A,20260613_121209.889.0,collaborator,organism,468,9.36
A,20260613_121403.680.0,collaborator,marine_snow,628,13.9556
A,20260613_173433.566.0,collaborator,organism,468,9.36
A,20260613_173523.148.0,collaborator,organism,468,9.36
A,20260613_174329.921.0,collaborator,organism,468,9.36
A,20260613_184838.050.0,collaborator,marine_snow,628,13.9556
A,20260613_184849.143.0,collaborator,marine_snow,628,13.9556
A,20260613_184948.020.0,collaborator,organism_box,163,4.6571
A,20260613_184952.496.0,collaborator,marine_snow,628,13.9556
A,20260613_185003.781.0,collaborator,organism,468,9.36
A,20260613_185013.892.0,collaborator,organism,468,9.36
A,20260613_185020.468.0,collaborator,organism_box,163,4.6571
A,20260613_185055.302.0,collaborator,organism,468,9.36
A,20260613_185310.224.0,collaborator,organism,468,9.36
A,20260613_185331.311.0,collaborator,blurry,122,4.0667
A,20260613_185942.322.0,collaborator,marine_snow,628,13.9556
A,20260613_190225.039.0,collaborator,marine_snow,628,13.9556
A,20260613_190759.643.0,collaborator,organism,468,9.36
A,20260613_190925.179.0,collaborator,blurry,122,4.0667
A,20260613_233835.654.0,collaborator,organism_box,163,4.6571
A,20260613_233849.116.0,collaborator,organism,468,9.36
A,20260614_083932.801.0,collaborator,organism,468,9.36
A,20260614_085644.569.0,collaborator,organism,468,9.36
A,20260614_161507.430.0,collaborator,organism,468,9.36
A,20260614_161728.137.0,collaborator,blurry,122,4.0667
A,20260614_161923.408.0,collaborator,organism_box,163,4.6571
A,20260614_164447.562.0,collaborator,ring,199,6.6333
A,20260614_164447.562.1,collaborator,ring,199,6.6333
A,20260614_195435.205.0,collaborator,ring,199,6.6333
A,20260614_195437.099.0,collaborator,ring,199,6.6333
A,20260614_200354.026.0,collaborator,organism_box,163,4.6571
A,20260614_200613.766.0,collaborator,blurry,122,4.0667
A,20260614_200926.036.0,collaborator,organism_box,163,4.6571
A,20260614_201105.550.0,collaborator,organism_box,163,4.6571
A,20260614_202645.033.0,collaborator,marine_snow,628,13.9556
A,20260614_202853.341.0,collaborator,organism,468,9.36
A,20260614_234916.529.0,collaborator,organism,468,9.36
A,20260614_235004.416.0,collaborator,organism_box,163,4.6571
A,20260615_001815.510.0,collaborator,marine_snow,628,13.9556
A,20260615_034402.195.0,collaborator,marine_snow,628,13.9556
A,20260615_034655.148.0,collaborator,blurry,122,4.0667
A,20260615_071706.369.0,collaborator,organism,468,9.36
A,20260615_071846.791.2,collaborator,organism_box,163,4.6571
A,20260615_071846.791.3,collaborator,organism_box,163,4.6571
A,20260615_071846.791.5,collaborator,blurry,122,4.0667
A,20260615_072216.043.0,collaborator,organism,468,9.36
A,20260615_072353.011.0,collaborator,organism,468,9.36
A,20260615_110345.648.0,collaborator,organism,468,9.36
A,20260615_193244.077.0,collaborator,organism_box,163,4.6571
A,20260615_193830.290.0,collaborator,organism,468,9.36
A,20260615_194835.175.0,collaborator,marine_snow,628,13.9556
A,20260615_231656.199.0,collaborator,ring,199,6.6333
A,20260615_233447.124.0,collaborator,marine_snow,628,13.9556
A,20260615_234848.949.0,collaborator,marine_snow,628,13.9556
A,20260615_235123.272.0,collaborator,blurry,122,4.0667
A,20260615_235525.942.0,collaborator,ring,199,6.6333
A,20260615_235538.991.0,collaborator,ring,199,6.6333
A,20260615_235604.286.0,collaborator,ring,199,6.6333
A,20260615_235606.220.0,collaborator,ring,199,6.6333
A,20260615_235606.675.0,collaborator,ring,199,6.6333
A,20260615_235614.609.0,collaborator,blurry,122,4.0667
A,20260615_235621.119.3,collaborator,ring,199,6.6333
A,20260615_235646.265.0,collaborator,ring,199,6.6333
A,20260615_235655.760.0,collaborator,ring,199,6.6333
A,20260615_235700.505.0,collaborator,ring,199,6.6333
A,20260615_235701.616.1,collaborator,artifact,9,1.0
A,20260615_235701.616.2,collaborator,artifact,9,1.0
A,20260615_235749.041.0,collaborator,ring,199,6.6333
A,20260615_235838.984.0,collaborator,ring,199,6.6333
A,20260615_235849.202.0,collaborator,artifact,9,1.0
A,20260615_235900.690.0,collaborator,artifact,9,1.0
A,20260615_235904.938.0,collaborator,artifact,9,1.0
A,20260615_235918.199.1,collaborator,blurry,122,4.0667
A,20260616_032333.534.0,collaborator,organism,468,9.36
A,20260616_032842.352.0,collaborator,blurry,122,4.0667
A,20260616_074030.343.0,collaborator,organism,468,9.36
A,20260616_074200.318.0,collaborator,organism,468,9.36
A,20260616_074509.454.0,collaborator,organism,468,9.36
A,20260616_125244.253.0,collaborator,blurry,122,4.0667
A,20260616_125433.190.0,collaborator,organism,468,9.36
A,20260616_184800.124.0,collaborator,blurry,122,4.0667
A,20260616_185429.454.0,collaborator,organism_box,163,4.6571
A,20260616_190030.502.1,collaborator,marine_snow,628,13.9556
A,20260616_190140.231.0,collaborator,marine_snow,628,13.9556
A,20260616_190245.317.0,collaborator,marine_snow,628,13.9556
A,20260616_190322.841.0,collaborator,blurry,122,4.0667
A,20260616_190435.117.0,collaborator,marine_snow,628,13.9556
A,20260616_190622.678.0,collaborator,marine_snow,628,13.9556
A,20260616_190842.218.0,collaborator,marine_snow,628,13.9556
A,20260616_191239.519.0,collaborator,ring,199,6.6333
A,20260616_191239.519.1,collaborator,ring,199,6.6333
A,20260616_234620.022.0,collaborator,blurry,122,4.0667
A,20260616_234651.720.0,collaborator,marine_snow,628,13.9556
A,20260616_234702.351.0,collaborator,marine_snow,628,13.9556
A,20260616_235036.926.0,collaborator,organism,468,9.36
A,20260616_235046.671.0,collaborator,organism_box,163,4.6571
A,20260616_235143.486.0,collaborator,marine_snow,628,13.9556
A,20260616_235449.894.0,collaborator,organism,468,9.36
A,20260616_235659.802.0,collaborator,marine_snow,628,13.9556
A,20260616_235727.876.0,collaborator,organism_box,163,4.6571
A,20260616_235830.130.0,collaborator,organism_box,163,4.6571
A,20260616_235921.631.1,collaborator,marine_snow,628,13.9556
A,20260616_235928.939.0,collaborator,marine_snow,628,13.9556
B,20260515_132838.829.0,jeremy,marine_snow,50,3.3333
B,20260516_203204.814.0,jeremy,marine_snow,50,3.3333
B,20260516_211409.425.0,jeremy,blurry,183,7.32
B,20260516_213638.705.0,jeremy,ring,116,5.8
B,20260516_213724.644.1,jeremy,organism_box,1,1.0
B,20260516_213848.505.0,jeremy,artifact,34,3.7778
B,20260517_144321.967.0,jeremy,ring,116,5.8
B,20260517_144943.073.0,jeremy,organism,27,1.0
B,20260517_145943.894.0,jeremy,organism,27,1.0
B,20260517_155304.378.0,jeremy,organism,27,1.0
B,20260517_155308.722.0,jeremy,organism,27,1.0
B,20260517_161041.484.0,jeremy,organism,27,1.0
B,20260517_161607.890.0,jeremy,organism,27,1.0
B,20260517_170244.714.0,jeremy,marine_snow,50,3.3333
B,20260517_171505.455.0,jeremy,blurry,183,7.32
B,20260517_181039.031.1,jeremy,marine_snow,50,3.3333
B,20260517_181637.646.0,jeremy,ring,116,5.8
B,20260517_184939.682.0,jeremy,blurry,183,7.32
B,20260521_192007.987.3,jeremy,artifact,34,3.7778
B,20260521_212441.818.1,jeremy,artifact,34,3.7778
B,20260521_212509.337.4,jeremy,artifact,34,3.7778
B,20260522_001402.281.0,jeremy,blurry,183,7.32
B,20260522_144531.182.0,jeremy,blurry,183,7.32
B,20260522_145445.957.0,jeremy,blurry,183,7.32
B,20260522_150345.367.0,jeremy,blurry,183,7.32
B,20260522_150846.598.0,jeremy,blurry,183,7.32
B,20260522_155430.886.0,jeremy,marine_snow,50,3.3333
B,20260522_155502.748.0,jeremy,marine_snow,50,3.3333
B,20260522_155629.816.0,jeremy,marine_snow,50,3.3333
B,20260522_155900.258.0,jeremy,marine_snow,50,3.3333
B,20260522_161058.826.0,jeremy,marine_snow,50,3.3333
B,20260522_161811.150.0,jeremy,marine_snow,50,3.3333
B,20260522_164601.451.0,jeremy,blurry,183,7.32
B,20260522_164732.520.0,jeremy,marine_snow,50,3.3333
B,20260522_165704.466.0,jeremy,organism,27,1.0
B,20260524_042307.367.0,jeremy,marine_snow,50,3.3333
B,20260524_044734.533.0,jeremy,blurry,183,7.32
B,20260525_084843.232.0,jeremy,organism,27,1.0
B,20260525_084938.699.0,jeremy,organism,27,1.0
B,20260525_084947.381.0,jeremy,blurry,183,7.32
B,20260525_090921.116.0,jeremy,ring,116,5.8
B,20260525_105349.132.0,jeremy,organism,27,1.0
B,20260525_132247.636.0,jeremy,marine_snow,50,3.3333
B,20260525_150654.829.0,jeremy,organism,27,1.0
B,20260525_180852.222.0,jeremy,organism,27,1.0
B,20260525_201826.389.0,jeremy,blurry,183,7.32
B,20260528_185900.010.0,jeremy,marine_snow,50,3.3333
B,20260528_190713.981.0,jeremy,ring,116,5.8
B,20260528_191051.119.0,jeremy,ring,116,5.8
B,20260528_193424.131.0,jeremy,artifact,34,3.7778
B,20260528_194239.826.0,jeremy,artifact,34,3.7778
B,20260528_194954.921.0,jeremy,ring,116,5.8
B,20260528_195103.815.1,jeremy,ring,116,5.8
B,20260528_195143.080.0,jeremy,ring,116,5.8
B,20260528_195948.374.0,jeremy,ring,116,5.8
B,20260528_202805.159.0,jeremy,organism,27,1.0
B,20260528_204008.444.0,jeremy,blurry,183,7.32
B,20260528_210922.092.0,jeremy,ring,116,5.8
B,20260528_211430.120.0,jeremy,ring,116,5.8
B,20260528_212033.304.0,jeremy,ring,116,5.8
B,20260528_212823.609.1,jeremy,blurry,183,7.32
B,20260528_213440.158.0,jeremy,blurry,183,7.32
B,20260528_214059.347.1,jeremy,other,2,1.0
B,20260528_215616.572.0,jeremy,blurry,183,7.32
B,20260528_221925.301.0,jeremy,organism,27,1.0
B,20260529_003448.604.0,jeremy,artifact,34,3.7778
B,20260529_110227.319.0,jeremy,blurry,183,7.32
B,20260529_135335.855.0,jeremy,organism,27,1.0
B,20260602_000702.007.0,jeremy,ring,116,5.8
B,20260602_000857.849.0,jeremy,artifact,34,3.7778
B,20260602_002355.236.0,jeremy,ring,116,5.8
B,20260602_002422.181.0,jeremy,ring,116,5.8
B,20260602_003711.621.0,jeremy,ring,116,5.8
B,20260602_003715.977.0,jeremy,blurry,183,7.32
B,20260602_004833.077.0,jeremy,ring,116,5.8
B,20260602_005529.516.0,jeremy,ring,116,5.8
B,20260602_010725.180.0,jeremy,ring,116,5.8
B,20260602_011135.277.0,jeremy,artifact,34,3.7778
B,20260602_012141.109.0,jeremy,organism,27,1.0
B,20260602_164358.782.0,jeremy,blurry,183,7.32
B,20260602_224200.338.0,jeremy,marine_snow,50,3.3333
B,20260603_191420.696.0,jeremy,organism,27,1.0
B,20260603_191750.075.0,jeremy,organism,27,1.0
B,20260604_211227.255.0,jeremy,blurry,183,7.32
B,20260608_194230.760.0,jeremy,organism,27,1.0
B,20260608_195157.593.0,jeremy,organism,27,1.0
B,20260609_083454.203.0,jeremy,blurry,183,7.32
B,20260609_084551.982.0,jeremy,organism,27,1.0
B,20260609_122619.933.0,jeremy,organism,27,1.0
B,20260609_124145.173.0,jeremy,blurry,183,7.32
B,20260609_235752.338.0,jeremy,organism,27,1.0
B,20260609_235947.650.0,jeremy,organism,27,1.0
B,20260610_054736.948.0,jeremy,organism,27,1.0
B,20260610_173437.358.0,jeremy,blurry,183,7.32
B,20260610_223051.954.0,jeremy,blurry,183,7.32
B,20260611_093911.125.0,jeremy,organism,27,1.0
B,20260611_114417.414.0,jeremy,blurry,183,7.32
B,20260611_205007.661.0,jeremy,other,2,1.0
B,20260612_085329.628.0,jeremy,organism,27,1.0
